{
  "config": {
    "model": "meta-llama/Llama-3.1-8B-Instruct",
    "dataset": "TriviaMC_difficulty_filtered",
    "meta_task": "confidence",
    "mc_metric": "entropy",
    "probe_position": "final",
    "load_in_4bit": false,
    "load_in_8bit": false,
    "quantization": "fp16",
    "timestamp": "2026-02-16T23:49:54.705399",
    "git_hash": "unknown"
  },
  "signals": [
    "D\u2192M_probe",
    "D\u2192M_mean_diff",
    "mcuncert_probe",
    "mcuncert_mean_diff",
    "metaentropy_probe",
    "metaentropy_mean_diff",
    "confdir_probe",
    "confdir_mean_diff"
  ],
  "n_layers": 32,
  "peaks": {
    "D\u2192M_probe": {
      "layer": 14,
      "r2": 0.35659270660071685
    },
    "D\u2192M_mean_diff": {
      "layer": 16,
      "r2": 0.29474904570525384
    },
    "mcuncert_probe": {
      "layer": 19,
      "r2": 0.48217736942067346
    },
    "mcuncert_mean_diff": {
      "layer": 15,
      "r2": 0.39552790973923935
    },
    "metaentropy_probe": {
      "layer": 30,
      "r2": 0.9025697708129883
    },
    "metaentropy_mean_diff": {
      "layer": 29,
      "r2": 0.453125
    },
    "confdir_probe": {
      "layer": 30,
      "r2": 0.9884996916179384
    },
    "confdir_mean_diff": {
      "layer": 17,
      "r2": 0.8633176504014048
    }
  },
  "r2_by_layer": {
    "D\u2192M_probe": {
      "0": 0.11300682728556566,
      "1": 0.11566402206189907,
      "2": 0.16841642203576013,
      "3": 0.21067179875603503,
      "4": 0.092634899210434,
      "5": 0.12014256083196584,
      "6": 0.17390774612116355,
      "7": 0.08851521511334492,
      "8": 0.18387492853111953,
      "9": 0.09562838502901938,
      "10": 0.0874183730228445,
      "11": 0.0824197445316428,
      "12": 0.12389054943964772,
      "13": 0.17241237454274472,
      "14": 0.35659270660071685,
      "15": 0.3521299226683873,
      "16": 0.3061169738015337,
      "17": 0.3309136022835376,
      "18": 0.21032005938424725,
      "19": 0.16530100887653498,
      "20": 0.09766802685655296,
      "21": 0.0895370799198234,
      "22": 0.1000384381254652,
      "23": 0.11065693014539058,
      "24": 0.07253689229371418,
      "25": 0.06979202723800793,
      "26": 0.08917591822395321,
      "27": 0.09234416875004292,
      "28": 0.13323945536370196,
      "29": 0.07791995993964207,
      "30": 0.03259530345444683,
      "31": -0.014961537919032208
    },
    "D\u2192M_mean_diff": {
      "0": 0.15639093325836406,
      "1": 0.13446524048402364,
      "2": 0.16676827418398554,
      "3": 0.16581499030010727,
      "4": 0.1684185234935699,
      "5": 0.12512484301504168,
      "6": 0.0869297895428599,
      "7": 0.07628389130280011,
      "8": 0.10734421258845561,
      "9": 0.08374237133334295,
      "10": 0.0846926146966197,
      "11": 0.07500956830224803,
      "12": 0.10244282283769213,
      "13": 0.15222102469580134,
      "14": 0.24257160255686394,
      "15": 0.2839807249610017,
      "16": 0.29474904570525384,
      "17": 0.2876232126651591,
      "18": 0.2509506168046608,
      "19": 0.22240821842156122,
      "20": 0.17861474628478835,
      "21": 0.15325617631474953,
      "22": 0.12462866885719126,
      "23": 0.1125974858565888,
      "24": 0.09436533056468677,
      "25": 0.10507200313571141,
      "26": 0.09053290377393808,
      "27": 0.07687477778965246,
      "28": 0.0808803914373849,
      "29": 0.06417522755602889,
      "30": 0.016267070415815654,
      "31": -0.23877035641821376
    },
    "mcuncert_probe": {
      "0": 0.09237851103107286,
      "1": 0.10207169102665603,
      "2": 0.16476717140171881,
      "3": 0.15834088033283333,
      "4": 0.14625233941195137,
      "5": 0.202947533885528,
      "6": 0.18554946940081207,
      "7": 0.20508558192324156,
      "8": 0.23578102633326958,
      "9": 0.20832685348041124,
      "10": 0.23128522023469156,
      "11": 0.2751430657881939,
      "12": 0.3707694784250909,
      "13": 0.40146860898734227,
      "14": 0.43037276365436294,
      "15": 0.4356877877805455,
      "16": 0.4445643270332946,
      "17": 0.4345651617039149,
      "18": 0.4498914912735238,
      "19": 0.48217736942067346,
      "20": 0.45955537713407524,
      "21": 0.4541048777424761,
      "22": 0.4282105471579577,
      "23": 0.4439793767071909,
      "24": 0.4332961987428402,
      "25": 0.4280417206886491,
      "26": 0.4337425205115988,
      "27": 0.44020443486100114,
      "28": 0.43407470528965375,
      "29": 0.4051939140693943,
      "30": 0.4181236653288505,
      "31": 0.44475201993624436
    },
    "mcuncert_mean_diff": {
      "0": 0.20398345899785875,
      "1": 0.1488418749686765,
      "2": 0.20795099933806582,
      "3": 0.21581434020611656,
      "4": 0.2238404076084397,
      "5": 0.16315373254069498,
      "6": 0.17907214216143663,
      "7": 0.15440397394376704,
      "8": 0.19788218346295994,
      "9": 0.18748566149282797,
      "10": 0.1608013067267342,
      "11": 0.1631257929476695,
      "12": 0.21673091818036638,
      "13": 0.30960706253428527,
      "14": 0.37453366028787316,
      "15": 0.39552790973923935,
      "16": 0.38662045674566303,
      "17": 0.35483253980870233,
      "18": 0.35794426505075005,
      "19": 0.3538722385990324,
      "20": 0.35026363329449406,
      "21": 0.34766367381425856,
      "22": 0.3466807198198405,
      "23": 0.3468574235892512,
      "24": 0.34611861622595164,
      "25": 0.3461510084753546,
      "26": 0.34538590236682265,
      "27": 0.34289785670384143,
      "28": 0.3407428841003918,
      "29": 0.3413530867750554,
      "30": 0.3440574372866907,
      "31": 0.34625924291935406
    },
    "metaentropy_probe": {
      "0": 0.0881921648979187,
      "1": 0.06430286169052124,
      "2": 0.07691127061843872,
      "3": 0.10717117786407471,
      "4": 0.11861985921859741,
      "5": 0.20758771896362305,
      "6": 0.17158550024032593,
      "7": 0.23336344957351685,
      "8": 0.18455171585083008,
      "9": 0.22909033298492432,
      "10": 0.21325355768203735,
      "11": 0.15347254276275635,
      "12": 0.1877726912498474,
      "13": 0.3546450138092041,
      "14": 0.44464802742004395,
      "15": 0.5584375858306885,
      "16": 0.6027888059616089,
      "17": 0.716829776763916,
      "18": 0.8064248561859131,
      "19": 0.8376591801643372,
      "20": 0.84502774477005,
      "21": 0.8534705638885498,
      "22": 0.859708309173584,
      "23": 0.8628833889961243,
      "24": 0.8706235885620117,
      "25": 0.8795098662376404,
      "26": 0.8759453892707825,
      "27": 0.877739667892456,
      "28": 0.8838910460472107,
      "29": 0.8964584469795227,
      "30": 0.9025697708129883,
      "31": 0.8898439407348633
    },
    "metaentropy_mean_diff": {
      "0": 0.08056640625,
      "1": 0.02880859375,
      "2": 0.0,
      "3": 0.01171875,
      "4": 0.0244140625,
      "5": 0.05126953125,
      "6": 0.0263671875,
      "7": 0.00048828125,
      "8": 0.00244140625,
      "9": 0.0009765625,
      "10": 0.00048828125,
      "11": 0.00244140625,
      "12": 0.02001953125,
      "13": 0.31396484375,
      "14": 0.40966796875,
      "15": 0.3984375,
      "16": 0.3828125,
      "17": 0.34912109375,
      "18": 0.3759765625,
      "19": 0.408203125,
      "20": 0.4228515625,
      "21": 0.4189453125,
      "22": 0.42431640625,
      "23": 0.435546875,
      "24": 0.43701171875,
      "25": 0.44384765625,
      "26": 0.44677734375,
      "27": 0.43701171875,
      "28": 0.44580078125,
      "29": 0.453125,
      "30": 0.44873046875,
      "31": 0.427734375
    },
    "confdir_probe": {
      "0": -0.1083408042298708,
      "1": -0.1118428959525617,
      "2": -0.06569265477761732,
      "3": -0.11103827593778282,
      "4": -0.11170683505676005,
      "5": -0.03477802949794606,
      "6": -0.061651699059052545,
      "7": 0.005538736031635683,
      "8": 0.19823296042325877,
      "9": 0.30644303688495433,
      "10": 0.2879744277713313,
      "11": 0.3486733748578936,
      "12": 0.5532781233019882,
      "13": 0.7124358613125774,
      "14": 0.8202031465722419,